StartDate,StartTime,EndDate,EndTime,DescID,Error_Code,Error_Chinese_Def,Error_English_Def,Error_Def,line,machine
2024-12-17,09:07:12,2024-12-17,09:08:06,2,M81,门检异常,Door  Error,门检异常/Door  Error,C2,powerfan
2024-12-17,09:35:44,2024-12-17,09:38:08,68,M147,右供料无盘报警,Right Supply Empty Error,右供料无盘报警/Right Supply Empty Error,C2,dimm1
2024-12-17,09:27:30,2024-12-17,09:29:24,9,M88,ROBOT異常,ROBO Error,ROBOT異常/ROBO Error,C2,dimm2
2024-12-17,09:33:28,2024-12-17,09:33:40,18,M97,手自动旋钮切换至自动,The knob is switched to automatic,手自动旋钮切换至自动/The knob is switched to automatic,C2,dimm2
2024-12-17,08:13:43,2024-12-17,08:15:10,68,M147,右供料无盘报警,Right Supply Empty Error,右供料无盘报警/Right Supply Empty Error,C2,dimm3
2024-12-17,06:57:59,2024-12-17,07:00:23,1,M80,EMO異常,EMO Error,EMO異常/EMO Error,C3,powerfan
2024-12-17,06:57:59,2024-12-17,07:00:23,3,M82,伺服軸異常,Servo Error,伺服軸異常/Servo Error,C3,powerfan
2024-12-17,06:57:59,2024-12-17,07:00:26,8,M87,伺服命令異常,Servo command Error,伺服命令異常/Servo command Error,C3,powerfan
2024-12-17,06:57:59,2024-12-17,07:00:26,9,M88,ROBOT異常,Robot  Error,ROBOT異常/Robot  Error,C3,powerfan
2024-12-17,09:51:42,2024-12-17,09:52:00,2,M81,门检异常,Door Error,门检异常/Door Error,C4,dimm1
