{    
    "C1": {
        "dimm1": {
            "ip": "10.20.94.21",
            "port": 3306,
            "user": "root",
            "password": "Atbu123!",
            "database": "dimm2"
        },
        "dimm2": {
            "ip": "10.20.94.22",
            "port": 3306,
            "user": "root",
            "password": "Atbu123!",
            "database": "dimm2"
        },
        "dimm3": {
            "ip": "10.20.94.23",
            "port": 3306,
            "user": "root",
            "password": "Atbu123!",
            "database": "dimm2"
        },
        "aoi": {
            "ip": "10.20.94.24",
            "port": 3306,
            "user": "root",
            "password": "Atbu123!",
            "database": "visualinspection"
        }
    },
    "C2": {
        "dimm1": {
            "ip": "10.20.94.45",
            "port": 3306,
            "user": "root",
            "password": "Atbu123!",
            "database": "dimm2"
        },
        "dimm2": {
            "ip": "10.20.94.46",
            "port": 3306,
            "user": "root",
            "password": "Atbu123!",
            "database": "dimm2"
        },
        "dimm3": {
            "ip": "10.20.94.47",
            "port": 3306,
            "user": "root",
            "password": "Atbu123!",
            "database": "dimm2"
        },
        "aoi": {
            "ip": "10.20.94.48",
            "port": 3306,
            "user": "root",
            "password": "Atbu123!",
            "database": "visualinspection"
        }
    },
    "C3": {
        "powerfan": {
            "ip": "10.20.94.49",
            "port": 3306,
            "user": "root",
            "password": "Atbu123!",
            "database": "powerfan"
        },
        "dimm1": {
            "ip": "10.20.94.49",
            "port": 3306,
            "user": "root",
            "password": "Atbu123!",
            "database": "dimm2"
        },
        "dimm2": {
            "ip": "10.20.94.50",
            "port": 3306,
            "user": "root",
            "password": "Atbu123!",
            "database": "dimm2"
        },
        "dimm3": {
            "ip": "10.20.94.51",
            "port": 3306,
            "user": "root",
            "password": "Atbu123!",
            "database": "dimm2"
        },
        "aoi": {
            "ip": "10.20.94.52",
            "port": 3306,
            "user": "root",
            "password": "Atbu123!",
            "database": "visualinspection"
        }
    },
    "C4": {
        "powerfan": {
            "ip": "10.20.54.116",
            "port": 3306,
            "user": "root",
            "password": "Atbu123!",
            "database": "powerfan"
        },
        "dimm1": {
            "ip": "10.20.54.117",
            "port": 3306,
            "user": "root",
            "password": "Atbu123!",
            "database": "dimm2"
        },
        "dimm2": {
            "ip": "10.20.54.118",
            "port": 3306,
            "user": "root",
            "password": "Atbu123!",
            "database": "dimm2"
        },
        "dimm3": {
            "ip": "10.20.54.119",
            "port": 3306,
            "user": "root",
            "password": "Atbu123!",
            "database": "dimm2"
        },
        "aoi": {
            "ip": "10.20.54.125",
            "port": 3306,
            "user": "root",
            "password": "Atbu123!",
            "database": "visualinspection"
        }
    },
    "C5": {
        "dimm1": {
            "ip": "10.20.94.28",
            "port": 3306,
            "user": "root",
            "password": "Atbu123!",
            "database": "dimm2"
        },
        "dimm2": {
            "ip": "10.20.94.27",
            "port": 3306,
            "user": "root",
            "password": "Atbu123!",
            "database": "dimm2"
        },
        "dimm3": {
            "ip": "10.20.94.26",
            "port": 3306,
            "user": "root",
            "password": "Atbu123!",
            "database": "dimm2"
        },
        "aoi": {
            "ip": "10.20.94.25",
            "port": 3306,
            "user": "root",
            "password": "Atbu123!",
            "database": "visualinspection"
        }
    }
}