Error_Code,Error_Chinese_Def,Error_English_Def,Error_Def
M80,伺服軸異常,Servo Error,伺服軸異常/Servo Error
M81,EMO 異常,EMO Error,EMO 異常/EMO Error
M82,原點回歸異常,Home Position Error,原點回歸異常/Home Position Error
M83,伺服命令異常,Servo command Error,伺服命令異常/Servo command Error
M84,X軸極限異常,X,X軸極限異常/X
M85,Y軸極限異常,Y,Y軸極限異常/Y
M86,Z軸極限異常,Z,Z軸極限異常/Z
M87,伺服命令异常,Servo Command Error,伺服命令异常/Servo Command Error
M88,門檢開啟,Door Open ,門檢開啟/Door Open 
M89,光柵入侵,Gate Inlet,光柵入侵/Gate Inlet
M1230,机箱扫码失败,Case Bar Lose ,机箱扫码失败/Case Bar Lose 
M112,入料动作超时,Inlet Action Error,入料动作超时/Inlet Action Error
M113,出料动作超时,Outlet Action Error,出料动作超时/Outlet Action Error
M114,XY動作超時,XY Actionr Error,XY動作超時/XY Actionr Error
M115,阻擋氣缸感應異常,Stopper Cylinder Error,阻擋氣缸感應異常/Stopper Cylinder Error
M116,左側定位氣缸異常,left Cylinder Error,左側定位氣缸異常/left Cylinder Error
M117,右側定位氣缸異常,Right Cylinder Error,右側定位氣缸異常/Right Cylinder Error
M118,拍照超时无反馈,Scan code timeout,拍照超时无反馈/Scan code timeout
M119,机箱扫码超时无反馈,Case Bar Time Error,机箱扫码超时无反馈/Case Bar Time Error
M1232,检测结果NG,Continuous Result NG Errors ,检测结果NG/Continuous Result NG Errors 
M1233,检测NG後選擇出料&报警,Continuous Result NG Choose Outlet & Errors,检测NG後選擇出料&报警/Continuous Result NG Choose Outlet & Errors
