Error_Code,Error_Chinese_Def,Error_English_Def,Error_Def
M80,EMO 異常,EMO Error,EMO 異常/EMO Error
M81,门检异常,Door Error,门检异常/Door Error
M82,伺服軸異常,Servo Error,伺服軸異常/Servo Error
M83,從站1伺服軸異常,Servo Error,從站1伺服軸異常/Servo Error
M84,從站1伺服軸異常,Servo command Error,從站1伺服軸異常/Servo command Error
M85,原點複歸異常,Home Position Error,原點複歸異常/Home Position Error
M86,設備未歸原點,Machine did not home position,設備未歸原點/Machine did not home position
M87,伺服命令異常,Servo command error,伺服命令異常/Servo command error
M88,ROBOT異常,ROBO Error,ROBOT異常/ROBO Error
M89,手臂不在運行狀態，先原點複歸,"Robot is not running,please System Home Position","手臂不在運行狀態，先原點複歸/Robot is not running,please System Home Position"
M90,X軸極限觸發,X,X軸極限觸發/X
M91,Θ1軸極限觸發,Θ1,Θ1軸極限觸發/Θ1
M92,左移載軸極限觸發,Left,左移載軸極限觸發/Left
M93,右移載軸極限觸發,Right,右移載軸極限觸發/Right
M94,定位旋轉軸極限觸發,θ2,定位旋轉軸極限觸發/θ2
M95,手臂動作異常,Robot Action Error,手臂動作異常/Robot Action Error
M96,掃碼或拍照失敗,Scan or Photo Error,掃碼或拍照失敗/Scan or Photo Error
M97,手自动旋钮切换至自动,The knob is switched to automatic,手自动旋钮切换至自动/The knob is switched to automatic
M98,CCD未切自動,CCD is not automatic,CCD未切自動/CCD is not automatic
M100,左收料失敗,Left Tray Receiving Error,左收料失敗/Left Tray Receiving Error
M101,右收料失敗,Right Tray Receiving Error,右收料失敗/Right Tray Receiving Error
M102,组装内存条压力异常,Pressure Cap&Lower limit,组装内存条压力异常/Pressure Cap&Lower limit
M103,光栅异常,Gate Error,光栅异常/Gate Error
M104,先確認左分料處物料是否正常,Please confirm whether Left,先確認左分料處物料是否正常/Please confirm whether Left
M105,先確認右分料處物料是否正常,Please confirm whether Right,先確認右分料處物料是否正常/Please confirm whether Right
M112,入料动作超时,Intel Time Error,入料动作超时/Intel Time Error
M113,出料动作超时,Outlet Time Error,出料动作超时/Outlet Time Error
M114,左分料动作超时,L,左分料动作超时/L
M115,左收料动作超时,L,左收料动作超时/L
M116,右分料动作超时,R,右分料动作超时/R
M117,右收料动作超时,R,右收料动作超时/R
M118,XY取放料动作超时,XY Take Time Error,XY取放料动作超时/XY Take Time Error
M119,ROBOT动作超时,Robot Time Error,ROBOT动作超时/Robot Time Error
M120,機箱阻擋/掃碼氣缸感應異常,Case Stopper/Scan code Cylinder Error,機箱阻擋/掃碼氣缸感應異常/Case Stopper/Scan code Cylinder Error
M121,機箱左側定位氣缸異常,Case left Pos.Cylinder Error,機箱左側定位氣缸異常/Case left Pos.Cylinder Error
M122,機箱右側定位氣缸異常,Case Right Pos.Cylinder Error,機箱右側定位氣缸異常/Case Right Pos.Cylinder Error
M123,精定位0度定位氣缸異常,Located 0,精定位0度定位氣缸異常/Located 0
M124,精定位180度定位氣缸異常,Located 180,精定位180度定位氣缸異常/Located 180
M125,XY軸升降氣缸異常,XY,XY軸升降氣缸異常/XY
M126,XY軸夾爪氣缸異常,XY,XY軸夾爪氣缸異常/XY
M127,RBT壓內存條氣缸1異常,RBT Press cylinder1 error,RBT壓內存條氣缸1異常/RBT Press cylinder1 error
M128,RBT壓內存條氣缸2異常M128,RBT Press cylinder2 error,RBT壓內存條氣缸2異常M128/RBT Press cylinder2 error
M129,ROBOT夾爪氣缸異常,Robot Gripper Cylinder Error,ROBOT夾爪氣缸異常/Robot Gripper Cylinder Error
M130,ROBOT內存條升降氣缸異常,Robot Up&Dwom Cylinder Error,ROBOT內存條升降氣缸異常/Robot Up&Dwom Cylinder Error
M131,RBT開卡槽升降氣缸異常,RBT Open,RBT開卡槽升降氣缸異常/RBT Open
M132,RBT開卡槽夾爪氣缸異常,RBT Open,RBT開卡槽夾爪氣缸異常/RBT Open
M133,左分料後退氣缸異常,Left Seperated Backward Cylinder Error,左分料後退氣缸異常/Left Seperated Backward Cylinder Error
M134,左分料頂升高位氣缸異常,Left Supply Seperated Upper Cylinder Error,左分料頂升高位氣缸異常/Left Supply Seperated Upper Cylinder Error
M135,左分料頂升底位氣缸異常,Left,左分料頂升底位氣缸異常/Left
M136,左TRAY盤定位氣缸異常M136,Left,左TRAY盤定位氣缸異常M136/Left
M137,右分料後退氣缸異常,Right Seperated Backward Cylinder Error,右分料後退氣缸異常/Right Seperated Backward Cylinder Error
M138,右分料頂升高位氣缸異常,Right,右分料頂升高位氣缸異常/Right
M139,右分料頂升底位氣缸異常,Right,右分料頂升底位氣缸異常/Right
M140,右TRAY盤定位氣缸異常,Right,右TRAY盤定位氣缸異常/Right
M141,左分料到位檢异常,Left,左分料到位檢异常/Left
M142,右分料到位檢异常,Right,右分料到位檢异常/Right
M143,與PC通訊異常,Abnormal communication,與PC通訊異常/Abnormal communication
M144,左供料无盘报警,Left Supply Empty Error,左供料无盘报警/Left Supply Empty Error
M145,左收空料盘满盘报警,Left Supply Receipt full Error,左收空料盘满盘报警/Left Supply Receipt full Error
M146,提示：產品需取往Repaire,To repaire station ,提示：產品需取往Repaire/To repaire station 
M147,右供料无盘报警,Right Supply Empty Error,右供料无盘报警/Right Supply Empty Error
M148,右收空料盘满盘报警,Right Supply Receipt full Error,右收空料盘满盘报警/Right Supply Receipt full Error
M149,低壓報警,Low Pressure Alarm,低壓報警/Low Pressure Alarm
M150,精定位物料異常,Locate abnormal materials,精定位物料異常/Locate abnormal materials
M160,請在PC端輸入條碼,Please key in bar,請在PC端輸入條碼/Please key in bar
M161,Mark點拍照失敗,Mark Photo failed,Mark點拍照失敗/Mark Photo failed
M162,內存條掃碼超時M162,Scan DIMM timed out,內存條掃碼超時M162/Scan DIMM timed out
M163,回流動作超時M163,Reflow action timed out,回流動作超時M163/Reflow action timed out
M164,超时未收到CCD結果異常,Receive CCD result timed out,超时未收到CCD結果異常/Receive CCD result timed out
M165,机箱扫码超时无反馈,Scan code timeout,机箱扫码超时无反馈/Scan code timeout
M166,Robot下降氣缸氣壓低於設定值,Robot drop cylinder pressure is too low,Robot下降氣缸氣壓低於設定值/Robot drop cylinder pressure is too low
