Error_Code,Error_Chinese_Def,Error_English_Def,Error_Def
M80,EMO異常,EMO Error,EMO異常/EMO Error
M169,后供料門檢未關緊,Back supplier doors didn't completely close,后供料門檢未關緊/Back supplier doors didn't completely close
M104,料盤異常,Tray Error,料盤異常/Tray Error
M162,請手動輸入SN,Please Manually Type-in Product SN,請手動輸入SN/Please Manually Type-in Product SN
M81,门检异常,Door  Error,门检异常/Door  Error
M82,伺服軸異常,Servo Error,伺服軸異常/Servo Error
M83,從站1伺服軸異常,Slaves1 Servo Error,從站1伺服軸異常/Slaves1 Servo Error
M84,Z3&Z4供料门检异常,Z3&Z4 DOOR Error,Z3&Z4供料门检异常/Z3&Z4 DOOR Error
M85,原點複歸異常,Home Position Error,原點複歸異常/Home Position Error
M86,設備未歸原點,Device need to go back to home,設備未歸原點/Device need to go back to home
M87,伺服命令異常,Servo command Error,伺服命令異常/Servo command Error
M88,ROBOT異常,Robot  Error,ROBOT異常/Robot  Error
M89,Z1&Z2供料门检异常,Z1&Z2 Door error,Z1&Z2供料门检异常/Z1&Z2 Door error
M90,X軸極限觸發,X Axis Limit Position Trigger,X軸極限觸發/X Axis Limit Position Trigger
M91,Y軸極限觸發,Y Axis Limit Position Trigger,Y軸極限觸發/Y Axis Limit Position Trigger
M92,Z 軸極限觸發,Z  Axis Limit Position Trigger,Z 軸極限觸發/Z  Axis Limit Position Trigger
M95,Z2軸極限觸發,Z2 Axis Limit Position Trigger,Z2軸極限觸發/Z2 Axis Limit Position Trigger
M96,Z3軸極限觸發,Z3軸極限觸發,Z3軸極限觸發/Z3軸極限觸發
M97,Z4軸極限觸發,Z4 Axis Limit Position Trigger,Z4軸極限觸發/Z4 Axis Limit Position Trigger
M98,CCD未切换,CCD in manual mode,CCD未切换/CCD in manual mode
M99,手臂動作異常,ROBOT action error,手臂動作異常/ROBOT action error
M100,手臂不在安全位置，先初始化設備,"Robot not in safe position,please initialize device","手臂不在安全位置，先初始化設備/Robot not in safe position,please initialize device"
M101,前光栅异常,Front grating abnormal,前光栅异常/Front grating abnormal
M102,后光栅异常,Rear grating abnormal,后光栅异常/Rear grating abnormal
M103,请取走空盘后再回原点,Please remove the empty tray and return to origin,请取走空盘后再回原点/Please remove the empty tray and return to origin
M113,入料动作超时,Feeding action over time ,入料动作超时/Feeding action over time 
M114,出料动作超时,Work ->Out Action Error,出料动作超时/Work ->Out Action Error
M115,XY取放料动作超时,XY-Axis Move Action Error,XY取放料动作超时/XY-Axis Move Action Error
M116,XY拋空盤动作超时,XY throw tray action time out ,XY拋空盤动作超时/XY throw tray action time out 
M117,请取走ROBOT上的产品,,
M118,RBT&XY不在安全位,RBT&XYTable out of safety place,RBT&XY不在安全位/RBT&XYTable out of safety place
M120,前阻擋氣缸感應異常,Front stop cylinder sensor abnormal,前阻擋氣缸感應異常/Front stop cylinder sensor abnormal
M121,后阻擋氣缸感應異常,Rear stop cylinder sensor abnormal,后阻擋氣缸感應異常/Rear stop cylinder sensor abnormal
M122,左定位氣缸1感應異常,Left location cylinder 1 sensor abnormal,左定位氣缸1感應異常/Left location cylinder 1 sensor abnormal
M123,右定位氣缸感應異常,Right location cylinder sensor abnormal,右定位氣缸感應異常/Right location cylinder sensor abnormal
M135,XY取空盤氣缸感應異常,XY pick up tray cylinder sensor abnormal,XY取空盤氣缸感應異常/XY pick up tray cylinder sensor abnormal
M125,XY取空盤吸真空感應異常,XY suck vacuum abnormal,XY取空盤吸真空感應異常/XY suck vacuum abnormal
M126,XY升降氣缸感應異常,Abnormal induction of lifting cylinder,XY升降氣缸感應異常/Abnormal induction of lifting cylinder
M127,XY夾爪氣缸感應異常,XY Clamp cylinder sensor abnormal,XY夾爪氣缸感應異常/XY Clamp cylinder sensor abnormal
M128,左定位氣缸2感應異常,Left location cylinder 2 sensor abnormal,左定位氣缸2感應異常/Left location cylinder 2 sensor abnormal
M129,RB夾爪氣缸感應異常,RBT cylinder sensor abnormal-M128,RB夾爪氣缸感應異常/RBT cylinder sensor abnormal-M128
M130,風扇二次定位氣缸感應器異常,Fan 2nd cylinder sensor abnormal,風扇二次定位氣缸感應器異常/Fan 2nd cylinder sensor abnormal
M131,左定位氣缸3感應異常,Left location cylinder 3 sensor abnormal,左定位氣缸3感應異常/Left location cylinder 3 sensor abnormal
M124,机种验证错误From PC,Type validation error,机种验证错误From PC/Type validation error
M132,Z2上无料盘,NO tray on Z2,Z2上无料盘/NO tray on Z2
M136,低壓報警,Air pressureis too low ,低壓報警/Air pressureis too low 
,Z3上无料盘-M133	,NO tray on Z3,Z3上无料盘-M133	/NO tray on Z3
M137,XY取空盤失敗,XY failed to take empty tary,XY取空盤失敗/XY failed to take empty tary
M138,与PC通讯异常異常,PC communication Error,与PC通讯异常異常/PC communication Error
M139,拍Mark点NG,Take Mark Pos. fail,拍Mark点NG/Take Mark Pos. fail
M140, NG满料,NG fan full, NG满料/NG fan full
M141,電源二次掃碼NG,Supply 3 Points set ejection 2 cylinder Error,電源二次掃碼NG/Supply 3 Points set ejection 2 cylinder Error
M142,右側風扇二次掃碼NG,Rodless cylinder Error,右側風扇二次掃碼NG/Rodless cylinder Error
M143,上传系统失败,Fail to upload,上传系统失败/Fail to upload
M160,Z1满料報警,Z1 full material ,Z1满料報警/Z1 full material 
M161,缺料報警,Lack of materials,缺料報警/Lack of materials
M162,Z3缺料報警,Z3 starving,Z3缺料報警/Z3 starving
M163,測距超時提示,Ranging timeout alarm,測距超時提示/Ranging timeout alarm
M164,Z4满料报警,Z4 full of material,Z4满料报警/Z4 full of material
M167,风扇测距异常,Fan Ranging alarm,风扇测距异常/Fan Ranging alarm
M168,机箱扫码失败,Case code scanning Failed,机箱扫码失败/Case code scanning Failed
M1169,"上傳失敗,請把出料段的產品拿開","Upload to SFC failed, 
please take product away from outlet section","上傳失敗,請把出料段的產品拿開/Upload to SFC failed, 
please take product away from outlet section"
