StartDate,StartTime,EndDate,EndTime,DescID,Error_Code,Error_Chinese_Def,Error_English_Def,Error_Def,line,machine
2025-03-18,07:06:57,2025-03-18,07:08:33,65,M144,左供料无盘报警,Left Supply Empty Error,左供料无盘报警/Left Supply Empty Error,C3,dimm1
2025-03-18,07:06:57,2025-03-18,07:08:33,68,M147,右供料无盘报警,Right Supply Empty Error,右供料无盘报警/Right Supply Empty Error,C3,dimm1
2025-03-18,08:11:35,2025-03-18,08:30:41,66,M145,左收空料盘满盘报警,Left Supply Receipt full Error,左收空料盘满盘报警/Left Supply Receipt full Error,C3,dimm1
2025-03-18,08:25:53,2025-03-18,08:34:48,69,M148,右收空料盘满盘报警,Right Supply Receipt full Error,右收空料盘满盘报警/Right Supply Receipt full Error,C3,dimm1
2025-03-18,09:28:58,2025-03-18,09:31:22,65,M144,左供料无盘报警,Left Supply Empty Error,左供料无盘报警/Left Supply Empty Error,C3,dimm1
2025-03-18,07:18:12,2025-03-18,07:18:21,43,M122,機箱右側定位氣缸異常,Case Right Pos.Cylinder Error,機箱右側定位氣缸異常/Case Right Pos.Cylinder Error,C3,dimm2
2025-03-18,07:18:30,2025-03-18,07:18:36,43,M122,機箱右側定位氣缸異常,Case Right Pos.Cylinder Error,機箱右側定位氣缸異常/Case Right Pos.Cylinder Error,C3,dimm2
2025-03-18,07:18:42,2025-03-18,07:19:15,43,M122,機箱右側定位氣缸異常,Case Right Pos.Cylinder Error,機箱右側定位氣缸異常/Case Right Pos.Cylinder Error,C3,dimm2
2025-03-18,07:19:45,2025-03-18,07:19:51,43,M122,機箱右側定位氣缸異常,Case Right Pos.Cylinder Error,機箱右側定位氣缸異常/Case Right Pos.Cylinder Error,C3,dimm2
2025-03-18,07:20:45,2025-03-18,07:21:24,9,M88,ROBOT異常,ROBO Error,ROBOT異常/ROBO Error,C3,dimm2
2025-03-18,07:26:42,2025-03-18,07:26:57,43,M122,機箱右側定位氣缸異常,Case Right Pos.Cylinder Error,機箱右側定位氣缸異常/Case Right Pos.Cylinder Error,C3,dimm2
2025-03-18,07:27:03,2025-03-18,07:27:15,43,M122,機箱右側定位氣缸異常,Case Right Pos.Cylinder Error,機箱右側定位氣缸異常/Case Right Pos.Cylinder Error,C3,dimm2
2025-03-18,08:24:11,2025-03-18,08:35:05,66,M145,左收空料盘满盘报警,Left Supply Receipt full Error,左收空料盘满盘报警/Left Supply Receipt full Error,C3,dimm2
2025-03-18,08:28:41,2025-03-18,08:35:08,69,M148,右收空料盘满盘报警,Right Supply Receipt full Error,右收空料盘满盘报警/Right Supply Receipt full Error,C3,dimm2
2025-03-18,07:23:38,2025-03-18,07:23:41,33,M112,入料动作超时,Inlet Action Error,入料动作超时/Inlet Action Error,C3,aoi
2025-03-18,07:42:56,2025-03-18,07:43:32,33,M112,入料动作超时,Inlet Action Error,入料动作超时/Inlet Action Error,C3,aoi
2025-03-18,07:55:57,2025-03-18,07:56:24,10,M89,光柵入侵,Gate Inlet,光柵入侵/Gate Inlet,C3,aoi
2025-03-18,08:02:38,2025-03-18,08:02:47,16,M95,手臂動作異常,Robot Action Error,手臂動作異常/Robot Action Error,C4,dimm1
2025-03-18,08:45:06,2025-03-18,08:45:12,18,M97,手自动旋钮切换至自动,The knob is switched to automatic,手自动旋钮切换至自动/The knob is switched to automatic,C4,dimm1
2025-03-18,07:03:17,2025-03-18,07:03:20,7,M86,設備未歸原點,Machine did not home position,設備未歸原點/Machine did not home position,C4,dimm2
2025-03-18,07:39:46,2025-03-18,07:40:58,9,M88,ROBOT異常,ROBO Error,ROBOT異常/ROBO Error,C4,dimm3
2025-03-18,07:41:43,2025-03-18,07:41:49,9,M88,ROBOT異常,ROBO Error,ROBOT異常/ROBO Error,C4,dimm3
2025-03-18,07:48:29,2025-03-18,07:49:59,9,M88,ROBOT異常,ROBO Error,ROBOT異常/ROBO Error,C4,dimm3
2025-03-18,07:50:26,2025-03-18,07:50:29,9,M88,ROBOT異常,ROBO Error,ROBOT異常/ROBO Error,C4,dimm3
2025-03-18,07:50:56,2025-03-18,07:50:59,9,M88,ROBOT異常,ROBO Error,ROBOT異常/ROBO Error,C4,dimm3
2025-03-18,08:06:23,2025-03-18,08:07:05,9,M88,ROBOT異常,ROBO Error,ROBOT異常/ROBO Error,C4,dimm3
2025-03-18,08:07:11,2025-03-18,08:07:14,7,M86,設備未歸原點,Machine did not home position,設備未歸原點/Machine did not home position,C4,dimm3
2025-03-18,08:08:05,2025-03-18,08:08:17,9,M88,ROBOT異常,ROBO Error,ROBOT異常/ROBO Error,C4,dimm3
2025-03-18,08:08:20,2025-03-18,08:08:23,9,M88,ROBOT異常,ROBO Error,ROBOT異常/ROBO Error,C4,dimm3
2025-03-18,08:47:12,2025-03-18,08:48:21,9,M88,ROBOT異常,ROBO Error,ROBOT異常/ROBO Error,C4,dimm3
2025-03-18,08:50:13,2025-03-18,08:51:07,33,M112,入料动作超时,Inlet Action Error,入料动作超时/Inlet Action Error,C4,aoi
2025-03-18,08:51:19,2025-03-18,08:51:28,10,M89,光柵入侵,Gate Inlet,光柵入侵/Gate Inlet,C4,aoi
2025-03-18,09:37:44,2025-03-18,09:38:14,33,M112,入料动作超时,Inlet Action Error,入料动作超时/Inlet Action Error,C4,aoi
